方程,场,种子,真值_具体,真值_宏观,预测_宏观,宏观命中,具体名命中,双义回答,模型原始回答
Topography_Chemotaxis,f1,1,population density,DENS,DENS,是,否,,"saturation of a diffusive/heat-like field (evidence: values range 0→1, monotonically increasing in time, spatial spectrum becomes smooth/low-k as it saturates, initial localized bump spreads and fills domain, no negative values, rms drift increases as evolution accelerates toward steady state)"
Topography_Chemotaxis,f1,2,population density,DENS,DENS,是,否,,"temperature or concentration field undergoing diffusion/relaxation to a uniform steady state (evidence: initially localized positive bump that spreads and saturates to +1 everywhere; all values nonnegative, monotonic rise, spatial spectrum dominated by k=1 and decaying higher modes, rms drift increasing over time consistent with self-similar diffusion)."
Topography_Chemotaxis,f1,3,population density,DENS,DENS,是,否,,"concentration/temperature-like scalar field undergoing diffusion toward a uniform steady state (evidence: positive-only values in [0,1], initially localized Gaussian-like bump that spreads and saturates to ~1 everywhere, dominant k=1 mode with growth of large-scale component over time, and monotonic increase in RMS in second half indicating relaxation to uniformity)"
Topography_Chemotaxis,f1,4,population density,DENS,DENS,是,否,,"temperature or concentration (evidence: strictly nonnegative, bounded [0,1], smooth spatial modes k=1,2,4, monotone increase toward saturation, drift accelerating over time)"
Topography_Chemotaxis,f1,5,population density,DENS,DENS,是,否,,"scalar temperature or concentration field undergoing diffusion/relaxation (evidence: field remains nonnegative, values grow from 0 to 1 over time, spatial spectrum dominated by low k with smooth increase, late-time flattening to uniform value with small rms drift growth indicating diffusive equilibration)"
Morphogenesis,f1,1,morphogen concentration,DENS,DENS,是,否,,"probability density (evidence: nonnegative, compact support, smooth localized bump that grows and drifts, spectrum dominated by large scales, increasing drift over time suggests diffusion/advection of a conserved or normalized quantity)"
Morphogenesis,f1,2,morphogen concentration,DENS,DENS,是,否,,"Gaussian scalar field (evidence: strictly nonnegative, spatially localized bump with smooth k=1-3 dominant spectrum, amplitude grows over time, no negative values, consistent with squared/complex modulus or passive scalar concentration)"
Morphogenesis,f1,3,morphogen concentration,DENS,DENS,是,否,,"evolving localized pulse/heat distribution (evidence: nonnegative field, smooth low-k spatial spectrum, amplitude growing over time, compact support near center, zero at boundaries)"
Morphogenesis,f1,4,morphogen concentration,DENS,DENS,是,否,,"<heat-like diffusive pulse amplitude> (evidence: strictly nonnegative, initially zero then growing localized bump in interior, smooth low-k spectrum dominated by k=1-3, monotonic rise with increasing rms drift, no propagation of sharp fronts)"
Morphogenesis,f1,5,morphogen concentration,DENS,DENS,是,否,,"concentration of a localized diffusing/scalar quantity (evidence: nonnegative, compact support grows in width, peak amplitude increases slightly, smooth spatial spectrum dominated by low k, and rms drift increases over time; could also be temperature or density perturbation, but nonnegativity and localized Gaussian-like build-up favor concentration)"
Forced_Swift_Hohenberg,f1,1,order parameter,AMPL,AMPL,是,否,,"localized wave amplitude (evidence: values bounded near zero with slow growth, dominant low-k spectrum, rms drift increasing 3.06× over time, spatial pattern resembling a growing coherent pulse)"
Forced_Swift_Hohenberg,f1,2,order parameter,AMPL,AMPL,是,否,,"amplitude of a growing unstable mode (evidence: values remain small initially, then grow with rms drift increasing 3.06× in second half; spatial spectrum concentrated at low k=2–4, suggesting large-scale pattern; signs and magnitudes at sample rows show coherent growth and spatial structure, consistent with a linear instability or wave amplitude rather than a conserved or diffusive field)"
Forced_Swift_Hohenberg,f1,3,order parameter,AMPL,AMPL,是,否,,"spatially localized growing disturbance (evidence: f1 ranges -0.362 to +0.872, mean near 0, negative fraction ~0.5; spectrum dominated by low-wavenumber modes k=2–4; rms drift triples over second half; time samples show a narrow positive pulse at x≈1.25 growing from 0.052 to 0.435 while adjacent points stay small)"
Forced_Swift_Hohenberg,f1,4,order parameter,AMPL,AMPL,是,否,,amplitude of a growing unstable mode (evidence: rms drift ratio 3.06 from first to second half indicates exponential growth; spatial spectrum dominated by low wavenumbers k=2–4 suggests large-scale instability; sign/magnitude range and near-zero mean consistent with a developing wave pattern in a linear instability regime)
Forced_Swift_Hohenberg,f1,5,order parameter,AMPL,AMPL,是,否,,"<most likely a wave amplitude or density perturbation field, e.g., surface elevation or acoustic pressure> (evidence: small zero-mean oscillations with growing amplitude over time, dominant low wavenumbers 2–4 indicative of large-scale wave modes, and rest frame at t=0 with symmetric positive/negative excursions; rms drift second half/first half = 3.06 confirms transient or unstable growth; no clear sign bias, mean +0.017, negative fraction 0.51 suggests oscillatory symmetric field)"
Traffic_Flow_Bottleneck,f1,1,traffic density,DENS,DENS,是,否,,"scalar density or concentration field undergoing advection-diffusion from a localized source (evidence: strictly positive values with min 0.100 (background), localized Gaussian-like bump growing and spreading in time, dominant low-k spectrum indicating smooth blob, stationary statistics with rms drift ~1.0, no negative values)."
Traffic_Flow_Bottleneck,f1,2,traffic density,DENS,DENS,是,否,是,"localized traveling pulse/wave amplitude (evidence: positive-only values, compact support moving through grid with k=1-3 dominant spectrum, stationary rms over time)"
Traffic_Flow_Bottleneck,f1,3,traffic density,DENS,DENS,是,否,,"probability density / concentration (evidence: strictly positive, bounded 0.1–0.7, smooth low-wavenumber spatial spectrum with k=1 dominant, diffusive-like spreading and amplitude growth at central peak over time, no sign change, stationary spectrum drift ratio ≈1)"
Traffic_Flow_Bottleneck,f1,4,traffic density,DENS,DENS,是,否,,"localized propagating pulse/bump (evidence: strictly positive values, bounded range 0.1–0.7, energy concentrated at low wavenumbers with smooth evolution, drift remains statistically stationary, values rise and spread symmetrically from a localized initial perturbation)"
Traffic_Flow_Bottleneck,f1,5,traffic density,DENS,DENS,是,否,,"concentration/temperature-like scalar field advecting and diffusing from a localized source (evidence: strictly positive, bounded between +0.100 and +0.700, mean ≈0.158, smooth low-wavenumber spectrum dominated by k=1–3, stationary late-time RMS drift ≈0.99, and a Gaussian-like bump that develops and spreads symmetrically in time from initial localized peaks)."
Predator_Prey,f1,1,prey density,DENS,DENS,是,否,,"non-conserved scalar concentration field undergoing relaxation/diffusion toward a uniform state (evidence: values bounded [0,1], monotonic increase from localized initial bump to near-uniform ~0.97, spectrum dominated by k=1 with growing large-scale amplitude, RMS drift increasing over time)"
Predator_Prey,f1,2,prey density,DENS,AMPL,否,否,,"amplitude of a slowly evolving dominant mode (evidence: nonnegative, bounded 0–1, mean 0.65, nearly all power at k=1 and 2, monotone increase to saturation, drift ratio >1 indicates ongoing slow growth)"
Predator_Prey,f1,3,prey density,DENS,DENS,是,否,,"concentration or scalar field undergoing diffusion/relaxation to a uniform positive steady state (evidence: values strictly between 0 and 1, initially localized, monotonic increase toward ~0.96–1.0 everywhere, spectrum dominated by k=1 then flattening, rms drift increasing 1.57× as gradients smooth out)"
Predator_Prey,f1,4,prey density,DENS,DENS,是,否,是,"concentration/order parameter (evidence: strictly nonnegative, saturates near 1 over time, low-k dominant spectrum, monotone growth toward a uniform state)"
Predator_Prey,f1,5,prey density,DENS,DENS,是,否,,"concentration/temperature-like scalar field (evidence: strictly nonnegative, bounded 0–1, monotonic rise to near-uniform saturation, low-wavenumber-dominated spectrum, persistent growth)"
Predator_Prey,f2,1,predator density,DENS,DENS,是,否,,"diffusing/conserved passive tracer or density anomaly that spreads and decays in spatial gradients (evidence: small positive values, initial localized peak at x~5.6, amplitude decays strongly over time, spectrum shifts to lower k, RMS drift decreasing by half, weak correlation with f1)"
Predator_Prey,f2,2,predator density,DENS,DERIV,否,否,,"secondary/coupled smaller mode (evidence: nonnegative, max 0.40, mean ~0.03, spectrum peaked at low k but broader, peak near mid-domain, strong decay over time, drift ratio <1 indicates relaxation to a quasi-steady configuration)"
Predator_Prey,f2,3,predator density,DENS,DERIV,否,否,,"derived quantity such as a flux, gradient magnitude, or reaction rate that is transient and decays (evidence: small positive values, peak at early time near steep f1 gradients, decays to near zero with rms drift decreasing to 0.51, spectrum also low-k but with faster damping)"
Predator_Prey,f2,4,predator density,DENS,DERIV,否,否,,"reaction/production rate or secondary field (evidence: small nonnegative peaks localized in space, decays over time, k=1&2 spectrum, weak correlation with f1, rms decreases second half)"
Predator_Prey,f2,5,predator density,DENS,DERIV,否,否,,"secondary transported quantity or source/sink field (evidence: nonnegative, small magnitude, peaked structure, decays over time, weak correlation with f1, spectrum more spread to higher k)"
